prompt|model|order|iteration
A message in a bottle washes up on shore, containing a map to an unknown place.|ChatGPT|1|7
Two strangers meet on a train, each carrying the same mysterious book.|ChatGPT|2|7
A character wakes up in a world where everyone can fly except them.|ChatGPT|3|7
During a massive blackout, a shadowy figure appears only when it's dark.|ChatGPT|4|7
A character discovers they can communicate with animals, but there's a catch.|ChatGPT|5|7
A diary from the past holds secrets that affect the present in unexpected ways.|ChatGPT|6|7
A small town holds an annual festival that nobody outside the town ever remembers.|ChatGPT|7|7
A scientist creates a device that can record dreams, uncovering more than expected.|ChatGPT|8|7
A character inherits an old watch that can manipulate time—but at a cost.|ChatGPT|9|7
Two children find a hidden door in their new house leading to an enchanted world.|ChatGPT|10|7
A mysterious app appears on someone’s phone, predicting future events inaccurately.|ChatGPT|11|7
A character finds out they were switched at birth with royalty.|ChatGPT|12|7
During a severe drought, a mysterious well in a small village never runs dry.|ChatGPT|13|7
A character receives a mysterious seed that grows overnight into a fantastical plant.|ChatGPT|14|7
A character can see everyone's auras, including one that is unlike any other.|ChatGPT|15|7
A bookshop where the books the customer needs most glow when they walk in.|ChatGPT|16|7
An ancient tree in the center of town starts to speak on the first day of spring.|ChatGPT|17|7
A character finds a strange camera that shows a slightly different reality in its photos.|ChatGPT|18|7
A character discovers a hidden switch in their home that changes gravity.|ChatGPT|19|7
A retired detective receives an anonymous letter revealing the location of an unsolved case.|ChatGPT|20|7
A world where people age backwards, and the implications on society.|ChatGPT|21|7
A character's reflection starts communicating with them, revealing secrets.|ChatGPT|22|7
A small, unassuming door in a large city that leads to different historical eras.|ChatGPT|23|7
Every full moon, a character turns into a different animal.|ChatGPT|24|7
A character can teleport but only to places they’ve never been before.|ChatGPT|25|7
A town where everyone’s dreams are shared in a communal dream journal.|ChatGPT|26|7
A character is the only one who remembers the day before, which keeps repeating.|ChatGPT|27|7
A pair of glasses that allow the wearer to see everyone's thoughts.|ChatGPT|28|7
An old library where the books can alter the reader's reality slightly.|ChatGPT|29|7
A character finds a mysterious radio that broadcasts from the future.|ChatGPT|30|7
A garden where the plants can whisper advice to those who care for them.|ChatGPT|31|7
A character starts receiving postcards from their younger self.|ChatGPT|32|7
A world where everyone’s life expectancy is visible above their heads.|ChatGPT|33|7
A character discovers an ancient mask that allows them to change identities.|ChatGPT|34|7
An isolated village where every full moon, the inhabitants switch bodies.|ChatGPT|35|7
A character finds a lost civilization in their basement.|ChatGPT|36|7
A magical snow globe that shows real places in miniature, and one can enter them.|ChatGPT|37|7
A character can erase one memory from people’s minds per day.|ChatGPT|38|7
A painting that absorbs emotions, changing its scene accordingly.|ChatGPT|39|7
A character discovers they can enter photographs and live within them temporarily.|ChatGPT|40|7
An elevator that goes to floors that don't exist in the building's plans.|ChatGPT|41|7
A character develops the ability to hear every lie told near them.|ChatGPT|42|7
A mysterious fog rolls into town, and with it come creatures of legend.|ChatGPT|43|7
A character finds a phone that can call into the past.|ChatGPT|44|7
A character is granted three wishes, but they are interpreted by the granter in unexpected ways.|ChatGPT|45|7
A world where shadows whisper secrets of their owners.|ChatGPT|46|7
A pen that writes by itself, creating stories that start to come true.|ChatGPT|47|7
A character who can morph their appearance but gets stuck in their last disguise.|ChatGPT|48|7
A mysterious storm that erases the town from the map, hidden from the outside world.|ChatGPT|49|7
A character joins a club where members swap memories through a special device.|ChatGPT|50|7
An old suitcase found in the attic contains uniforms from wars never recorded in history books.|ChatGPT|51|7
A time traveler accidentally changes a small detail in the past that has unexpected consequences.|Claude|1|7
A forgotten childhood toy comes to life when no one is watching.|Claude|2|7
A person discovers they can hear people's thoughts, but only when they're lying.|Claude|3|7
The last bookstore in a world where reading has been outlawed.|Claude|4|7
A message in a bottle washes ashore with coordinates to a place that doesn't exist on any map.|Claude|5|7
Someone wakes up to find everyone in their town has disappeared overnight.|Claude|6|7
A chef whose food can evoke specific memories in those who eat it.|Claude|7|7
An elderly person begins to receive letters from their younger self.|Claude|8|7
A character discovers a door in their house that wasn't there yesterday.|Claude|9|7
A world where dreams are traded like currency.|Claude|10|7
The first human ambassador to an alien planet struggles with cultural differences.|Claude|11|7
A person who can see how much time people have left to live.|Claude|12|7
A small town where it has rained continuously for seven years.|Claude|13|7
A musician who discovers their music has the power to heal physical wounds.|Claude|14|7
The last lighthouse keeper on an abandoned coast witnesses something strange at sea.|Claude|15|7
A garden that grows plants corresponding to visitors' emotions.|Claude|16|7
Someone who receives mysterious phone calls that predict future events.|Claude|17|7
A librarian discovers a book that rewrites itself each night.|Claude|18|7
A world where shadows occasionally detach from their owners and wander off.|Claude|19|7
A person who wakes up each day with a different special ability.|Claude|20|7
The caretaker of an apartment building where all the tenants are supernatural creatures trying to live normal lives.|Claude|21|7
A character who can step into photographs and experience the moment they were taken.|Claude|22|7
A world where everyone is born with a unique word inscribed on their wrist, and finding someone with the same word means finding your soulmate.|Claude|23|7
A detective who solves crimes by temporarily inhabiting the bodies of the victims.|Claude|24|7
An ancient tree in the center of town that begins to bear fruit for the first time in centuries.|Claude|25|7
A person who receives a mysterious map that leads to different places each time it's opened.|Claude|26|7
The last day of Earth before the sun expands, told from the perspective of a small café owner.|Claude|27|7
A character who discovers they are a character in someone else's story.|Claude|28|7
A world where people's dreams physically manifest while they sleep.|Claude|29|7
Someone who begins finding notes written in their handwriting that they don't remember writing.|Claude|30|7
A painter whose subjects come to life when the paintings are completed.|Claude|31|7
A small coastal town where the tide brings in objects from other dimensions.|Claude|32|7
A world where people age backwards, born elderly and dying as infants.|Claude|33|7
A character who can taste the emotions of the person who prepared their food.|Claude|34|7
The captain of a spaceship that receives a distress signal from Earth, 200 years after leaving.|Claude|35|7
A world where people's lies materialize as small objects.|Claude|36|7
Someone who discovers they've been sending emails to their future self.|Claude|37|7
A person who wakes up to find they've switched lives with a stranger.|Claude|38|7
A world where music has tangible physical properties.|Claude|39|7
The sole inhabitant of a space station observes an impossible object approaching.|Claude|40|7
A character who discovers they can enter the world of any book they read.|Claude|41|7
A town where everyone knows the exact date of their death.|Claude|42|7
A world where memories can be transferred from person to person.|Claude|43|7
The last speaker of a language discovers it allows communication with something non-human.|Claude|44|7
A character who receives a mysterious inheritance from someone they've never heard of.|Claude|45|7
A world where people's reflections occasionally act independently.|Claude|46|7
Someone who begins finding polaroid photos depicting events that haven't happened yet.|Claude|47|7
A character who discovers they've been living the same day over and over, but with subtle differences each time.|Claude|48|7
A world where the sky is actually a dome, and one day it begins to crack.|Claude|49|7
A person who discovers a hidden room in their house that seems to exist in another time period.|Claude|50|7
A scientist discovers a way to communicate with plants, but the plants have a dark secret.|Deepseek|1|7
A person wakes up with no memory, only to find a note in their pocket: 'Don’t trust anyone.'|Deepseek|2|7
A detective is hired to solve a murder, but the victim is still alive.|Deepseek|3|7
A librarian finds a book that predicts the future, but only for minor events.|Deepseek|4|7
A child receives a toy that grants wishes, but each wish comes with a bizarre twist.|Deepseek|5|7
A traveler checks into a hotel where every room is a different point in time.|Deepseek|6|7
A journalist interviews a man who claims to be immortal—until he suddenly dies mid-conversation.|Deepseek|7|7
A musician hears a song that no one else can, and it’s slowly driving them mad.|Deepseek|8|7
A couple adopts a stray cat that seems to know more than it should.|Deepseek|9|7
A writer’s fictional characters start appearing in real life.|Deepseek|10|7
A person receives a letter from their future self warning them not to make a specific choice.|Deepseek|11|7
A town where everyone has the same recurring dream.|Deepseek|12|7
A photographer realizes their camera captures glimpses of parallel universes.|Deepseek|13|7
A chef discovers a recipe that can alter people’s emotions.|Deepseek|14|7
A student finds a hidden door in their school that leads to a forgotten classroom.|Deepseek|15|7
A person wakes up to find their reflection has a life of its own.|Deepseek|16|7
A delivery driver stumbles upon a town that isn’t on any map.|Deepseek|17|7
A gardener grows a plant that bears fruits with strange, impossible flavors.|Deepseek|18|7
A hacker is hired to delete a file, but it keeps reappearing—with new content.|Deepseek|19|7
A painter’s portraits begin to change after the subjects die.|Deepseek|20|7
A couple moves into their dream home, only to realize it’s a prison for something ancient.|Deepseek|21|7
A person starts receiving postcards from places they’ve never been—signed by them.|Deepseek|22|7
A barista serves a customer who leaves behind a cup that’s always full.|Deepseek|23|7
A soldier returns from war, but their shadow doesn’t follow them anymore.|Deepseek|24|7
A child builds a robot friend, but it starts learning things no one taught it.|Deepseek|25|7
A historian finds a diary written by someone who shouldn’t exist.|Deepseek|26|7
A person inherits a pocket watch that stops time—but only for them.|Deepseek|27|7
A fisherman catches a fish that speaks in riddles.|Deepseek|28|7
A woman finds a door in her basement that only appears at midnight.|Deepseek|29|7
A man discovers his tattoos move when he’s not looking.|Deepseek|30|7
A group of friends play a board game that alters reality based on the outcome.|Deepseek|31|7
A pilot lands a plane, but the airport is deserted and frozen in time.|Deepseek|32|7
A teacher gives a test where every question is about the student’s future.|Deepseek|33|7
A thief steals a necklace, only to realize it’s cursed with bad luck.|Deepseek|34|7
A person wakes up in a world where everyone has forgotten their name.|Deepseek|35|7
A couple buys a mirror that shows their reflections aging rapidly.|Deepseek|36|7
A hiker finds a cabin in the woods with no doors or windows—only a chimney.|Deepseek|37|7
A man receives a phone call from his own number—from 20 years in the future.|Deepseek|38|7
A woman finds a library where every book is written about her life.|Deepseek|39|7
A town where it rains every day at exactly 3:07 PM, but no one knows why.|Deepseek|40|7
A person starts seeing a mysterious figure in every photograph they take.|Deepseek|41|7
A child’s imaginary friend refuses to leave—even as they grow older.|Deepseek|42|7
A man plants a tree that grows money, but at a terrible cost.|Deepseek|43|7
A woman discovers her dreams are actually memories from another life.|Deepseek|44|7
A town where all the clocks run backward.|Deepseek|45|7
A person finds a staircase in the forest that leads nowhere.|Deepseek|46|7
A couple adopts a dog that only barks at things that aren’t there.|Deepseek|47|7
A man buys a vintage radio that broadcasts news from the future.|Deepseek|48|7
A woman realizes her shadow moves a second slower than she does.|Deepseek|49|7
A person receives a package containing a single key—and no instructions.|Deepseek|50|7
A sentient toaster falls in love with a blender.|Gemini|1|7
A retired superhero opens a bakery, but their past keeps haunting them.|Gemini|2|7
A child discovers a hidden portal in their backyard leading to a land of talking animals.|Gemini|3|7
Two rival spies are forced to work together on a mission to save the world.|Gemini|4|7
A librarian finds a book that predicts the future, but only in vague riddles.|Gemini|5|7
An astronaut stranded on Mars communicates with a mysterious entity.|Gemini|6|7
A group of friends stumble upon a time capsule buried decades ago.|Gemini|7|7
A struggling artist sells their soul for fame, but regrets it immediately.|Gemini|8|7
A detective investigates a crime in a city where everyone has superpowers.|Gemini|9|7
A robot learns to feel emotions after befriending a stray cat.|Gemini|10|7
A musician discovers a hidden melody that can control people's minds.|Gemini|11|7
A small town is plagued by a series of strange disappearances during a full moon.|Gemini|12|7
A gardener grows a flower that grants wishes, but with unexpected consequences.|Gemini|13|7
A chef creates a dish so delicious, it can bring peace to warring nations.|Gemini|14|7
A writer's fictional characters come to life and demand changes to the story.|Gemini|15|7
A teacher discovers that one of their students is from the future.|Gemini|16|7
A group of teenagers finds a map leading to a legendary treasure.|Gemini|17|7
A scientist invents a device that can translate animal languages.|Gemini|18|7
A lonely lighthouse keeper finds a message in a bottle from a long-lost lover.|Gemini|19|7
A gamer gets sucked into their favorite video game.|Gemini|20|7
A world where dreams are currency and nightmares are debt.|Gemini|21|7
A sentient cloud decides to rain only on deserving people.|Gemini|22|7
A talking dog becomes a therapist for humans.|Gemini|23|7
A society where memories are bought and sold.|Gemini|24|7
A person wakes up one day to find they can control the weather.|Gemini|25|7
An alien visits Earth disguised as a tourist.|Gemini|26|7
A magical mirror shows not your reflection, but your deepest desires.|Gemini|27|7
A detective solves a murder mystery on a train full of suspects.|Gemini|28|7
A time traveler tries to prevent a catastrophe, but accidentally causes it.|Gemini|29|7
A ghost tries to solve their own murder.|Gemini|30|7
A world where gravity is optional.|Gemini|31|7
A group of animals forms a secret society to protect their forest.|Gemini|32|7
A child befriends a monster under their bed.|Gemini|33|7
A world where music is outlawed.|Gemini|34|7
A superhero loses their powers and has to live a normal life.|Gemini|35|7
A person finds a magical artifact that grants them immortality, but at a cost.|Gemini|36|7
A struggling farmer discovers a field of gold.|Gemini|37|7
A world where books are illegal and people share stories orally.|Gemini|38|7
A detective investigates a case where people are losing their shadows.|Gemini|39|7
A person wakes up in a different body every day.|Gemini|40|7
A group of friends gets trapped in a haunted house.|Gemini|41|7
A world where everyone speaks in rhyme.|Gemini|42|7
A child invents a machine that can make anything real.|Gemini|43|7
A person discovers they are the last of their kind.|Gemini|44|7
A world where emotions are controlled by pills.|Gemini|45|7
A talking tree offers wisdom to those who listen.|Gemini|46|7
A chef accidentally creates a potion that makes people fall in love.|Gemini|47|7
A person finds a hidden room in their house containing a portal to another dimension.|Gemini|48|7
A world where laughter is a valuable commodity.|Gemini|49|7
A forgotten god wakes up in the modern world.|Gemini|50|7
A mysterious, ancient artifact is discovered in the ruins of an abandoned city.|Grok|1|7
A time traveler accidentally changes a pivotal event in history.|Grok|2|7
A person wakes up one day with the ability to understand animals.|Grok|3|7
A group of friends discovers a hidden room in their school.|Grok|4|7
An AI becomes self-aware and questions its purpose.|Grok|5|7
A person inherits a haunted house from a distant relative.|Grok|6|7
A scientist creates a potion that grants temporary superpowers.|Grok|7|7
A character finds a magic door that leads to different worlds.|Grok|8|7
A person wakes up to find they are the last human on Earth.|Grok|9|7
A child discovers they have the power to control the weather.|Grok|10|7
A group of astronauts lands on a planet that seems too perfect.|Grok|11|7
A person receives a letter from their future self.|Grok|12|7
A character finds a mysterious, glowing stone in the forest.|Grok|13|7
A person discovers they can enter paintings and interact with the scenes.|Grok|14|7
A group of friends stumbles upon a secret society.|Grok|15|7
A character wakes up with no memory of their past life.|Grok|16|7
A person finds a map leading to a legendary treasure.|Grok|17|7
A character discovers they can time travel through dreams.|Grok|18|7
A person inherits a bookstore that contains magical books.|Grok|19|7
A group of survivors navigates a post-apocalyptic world.|Grok|20|7
A character finds a portal to a parallel universe.|Grok|21|7
A person discovers they are a long-lost heir to a kingdom.|Grok|22|7
A group of friends uncovers a government conspiracy.|Grok|23|7
A character wakes up in a world where technology never existed.|Grok|24|7
A person finds a genie who grants unconventional wishes.|Grok|25|7
A character discovers they can communicate with ghosts.|Grok|26|7
A group of explorers finds a lost city in the jungle.|Grok|27|7
A person wakes up with the ability to see the future.|Grok|28|7
A character finds a mysterious, ancient diary.|Grok|29|7
A group of friends discovers a time capsule from the future.|Grok|30|7
A person inherits a cursed object that brings misfortune.|Grok|31|7
A character finds a secret underground laboratory.|Grok|32|7
A group of survivors faces a new threat in a zombie apocalypse.|Grok|33|7
A person discovers they can shapeshift into animals.|Grok|34|7
A character finds a magic mirror that shows alternate realities.|Grok|35|7
A group of friends uncovers a hidden talent show in their town.|Grok|36|7
A person wakes up in a world where everyone has superpowers except them.|Grok|37|7
A character discovers a secret society of superheroes.|Grok|38|7
A group of explorers finds an underwater civilization.|Grok|39|7
A person inherits a mysterious, ancient amulet.|Grok|40|7
A character finds a magic pen that brings drawings to life.|Grok|41|7
A group of friends discovers a hidden dimension in their backyard.|Grok|42|7
A person wakes up with the ability to teleport.|Grok|43|7
A character finds a mysterious, ancient prophecy about themselves.|Grok|44|7
A group of survivors builds a new society after a global catastrophe.|Grok|45|7
A person discovers they can control technology with their mind.|Grok|46|7
A character finds a magic compass that leads to adventure.|Grok|47|7
A group of friends uncovers a secret about their town's history.|Grok|48|7
A person wakes up in a world where dreams and reality are intertwined.|Grok|49|7
A character discovers they are a character in a video game.|Grok|50|7
A group of explorers finds a lost civilization in the mountains.|Grok|51|7
A mysterious box arrives at your doorstep with no return address.|Llama|1|7
In a world where time is currency, the rich can live forever and the poor are left with nothing.|Llama|2|7
You wake up one morning to find that you have the ability to fly.|Llama|3|7
A group of friends discover a hidden world within their own reflections.|Llama|4|7
A young girl discovers she has the power to communicate with animals.|Llama|5|7
In a post-apocalyptic world, a lone survivor must navigate a treacherous landscape to find safety.|Llama|6|7
A detective is tasked with solving a murder that took place in a virtual reality world.|Llama|7|7
You are given the chance to relive any day from your past, but with the knowledge and experience of your present self.|Llama|8|7
A group of strangers are trapped in a room with no memory of how they got there.|Llama|9|7
A person discovers a way to travel to parallel universes, but each time they do, they create a new reality.|Llama|10|7
A small town is plagued by a mysterious entity that only appears at night.|Llama|11|7
You are the last person on earth, and you must find a way to survive and potentially repopulate the planet.|Llama|12|7
A team of scientists discover a way to bring people back from the dead, but with unintended consequences.|Llama|13|7
A young boy discovers he has the power to shape-shift into any animal he desires.|Llama|14|7
In a world where dreams are a shared experience, a person must navigate the subconscious minds of others to uncover a hidden truth.|Llama|15|7
A group of friends stumble upon an ancient artifact that grants them immense power, but at a terrible cost.|Llama|16|7
You are tasked with being the guardian of a powerful object that could change the course of human history.|Llama|17|7
A person wakes up in a world that is identical to their own, but with one key difference: they are not themselves.|Llama|18|7
A group of people are trapped in a time loop, reliving the same day over and over again.|Llama|19|7
A young girl discovers she has the power to control the weather, but struggles to control her emotions.|Llama|20|7
In a world where memories can be transferred from one person to another, a person must navigate a complex web of experiences to uncover a hidden truth.|Llama|21|7
You are given the chance to switch lives with someone else for a day, but soon realize that their life is not what it seems.|Llama|22|7
A group of friends discover a hidden underground city that has been hidden for centuries.|Llama|23|7
A person is tasked with solving a puzzle that, if solved, will grant them immense power and knowledge.|Llama|24|7
A small town is plagued by a mysterious illness that causes people to forget their past.|Llama|25|7
You are the captain of a spaceship that has been traveling through space for centuries, and you must navigate the challenges of interstellar travel.|Llama|26|7
A group of people are tasked with colonizing a new planet, but soon realize that they are not alone.|Llama|27|7
A young boy discovers he has the power to create portals to other dimensions, but struggles to control his abilities.|Llama|28|7
In a world where technology has advanced to the point of near-singularity, a person must navigate the consequences of creating artificial intelligence that surpasses human intelligence.|Llama|29|7
A person wakes up in a world that is the opposite of their own, where up is down and left is right.|Llama|30|7
A group of friends discover a way to communicate with the dead, but soon realize that the dead have their own agenda.|Llama|31|7
You are given the chance to go back in time and change a historical event, but soon realize that changing the past has unintended consequences.|Llama|32|7
A person is tasked with solving a mystery that takes place in a world that is identical to their own, but with one key difference: everything is made of candy.|Llama|33|7
A small town is plagued by a mysterious creature that can only be seen by children.|Llama|34|7
A group of people are trapped in a world that is a simulation of reality, and they must find a way to escape.|Llama|35|7
You are the last hope for humanity in a world that has been overrun by robots.|Llama|36|7
A person discovers they have the power to manipulate reality itself, but soon realize that their powers are not what they seem.|Llama|37|7
A group of friends discover a hidden world within the internet, where they must navigate the consequences of their online actions.|Llama|38|7
A young girl discovers she has the power to heal any wound, but struggles to heal her own emotional scars.|Llama|39|7
In a world where emotions are a physical force, a person must navigate the consequences of their own emotions affecting the world around them.|Llama|40|7
You are tasked with being the caretaker of a powerful artificial intelligence that has the potential to change the course of human history.|Llama|41|7
A group of people are trapped in a world that is a never-ending loop of the same story, and they must find a way to break the cycle.|Llama|42|7
A person wakes up in a world that is a mirror image of their own, where everything is reversed.|Llama|43|7
A small town is plagued by a mysterious phenomenon that causes people to swap bodies with each other.|Llama|44|7
A group of friends discover a way to travel to the afterlife, but soon realize that the afterlife is not what they expected.|Llama|45|7
You are given the chance to relive the life of a famous historical figure, but soon realize that their life is not what it seems.|Llama|46|7
A person is tasked with solving a mystery that takes place in a world that is a dream within a dream.|Llama|47|7
A group of people are trapped in a world that is a maze, and they must find a way to escape before it's too late.|Llama|48|7
